{
    "started": "I can forward (copy) messages from any telegram chats (private/public channels, private/public groups, direct chats, bot) to one or many chats as soon as they arrive.\n❇️ Here Are My Features ❇️\n— User-friendly Dashboard\n— Forwards chats (public or private)\n— Forwards Topics\n\nDon't know how to start 🤔🤔🤔?\n👉 Click here to watch the start guide\n👉 Click here to read document",
    "forward": "❇️ Forward Help Menu ❇️\n\nGunakan untuk mengatur pesan penerusan otomatis.\n\n🛠 Panggil /getchanel atau /getgroup atau /getuser sebelum menggunakan perintah ini untuk mendapatkan ID obrolan.\n\nGunakan sintaks berikut untuk menambahkan channel/user/bot:\n/forward ACTION LABEL SOURCE_CHAT_ID -> TARGET_CHAT_ID\n\n🆘 Catatan penting: LABEL tidak boleh mengandung spasi, karakter khusus, Anda harus membuatnya sesederhana mungkin\n\n===============\nFor Example\n\n➡️ One to One Chat\n/forward add work1 22222 -> 66666\n\n➡️ Many to One Chat\n/forward add work1 22222,33333 -> 66666\n\n➡️ One to Many Chat\n/forward add work1 22222 -> 66666,77777\n\n➡️ Many to Many Chat\n/forward add work1 22222,33333 -> 66666,77777",
    "addNotInclude": "Tolong tambahkan \"add\" pada /forward add <label> source_id -> target_id",
    "forwardLabelNotInclude": "Tolong tambahkan label berupa alfabetNumerik(worker1)",
    "phoneNumberInvalid": "Pasikan nomor telpon valid contoh prefix https://en.wikipedia.org/wiki/List_of_mobile_telephone_prefixes_by_country",
    "textGetGroup": "🚫 Please wait a moment, this may take a few minutes. In the meantime, don't send too many similar requests. 🚫\nGroup Title —» ID\n",
    "textGetChannel": "🚫 Please wait a moment, this may take a few minutes. In the meantime, don't send too many similar requests. 🚫\nChannel Title —» ID\n",
    "pleasePrivateChat": "Maaf untuk menggunakan perintah ini harap private chat dengan bot",
    "firstConnection": "**Connect Help Menu**\n\nUse it to connect your account with Auto Forward Message Telegram Bot, You will need at least one connected account with Auto Forward Message Telegram Bot to use other commands\n\nEnter the phone number of the telegram account which is already a member of the desired source chats, along with country code\n\n**Command Arguments**\n/connect PHONE_NUMBER\n\n**For Example:**\n/connect +84444444444\n\nYou can find every country prefix code by\n\nDon't know how to start 🤔🤔🤔? "
}